no,age,gender,sleep_duration_hrs,sleep_quality_score,exercise_day,steps_that_day,stress_score,heart_rate_resting_bpm,screen_time_before_bed_mins,caffeine_mg_before_bed,alcohol_units_before_bed,nap_duration_mins,kelompok_usia,kategori_durasi_tidur,kategori_kualitas_tidur,kategori_stres,konsumsi_kafein,konsumsi_alkohol,total_tidur_sehari_hrs
1,29,Female,6.5,6.6,0,6592,4.4,63,32,0,0,0,Dewasa muda (25-34),Cukup (6-9 jam),Sedang,Sedang,Tidak,Tidak,6.5
2,55,Female,8.32,6.9,1,10111,4.0,52,33,0,0,8,Paruh baya (>=50),Cukup (6-9 jam),Sedang,Sedang,Tidak,Tidak,8.45
3,42,Male,6.57,1.0,1,9222,7.8,72,89,0,2,28,Dewasa (35-49),Cukup (6-9 jam),Rendah,Tinggi,Tidak,Ya,7.04
4,37,Male,6.79,6.4,1,9190,4.9,71,52,0,1,40,Dewasa (35-49),Cukup (6-9 jam),Sedang,Sedang,Tidak,Ya,7.46
5,23,Male,5.02,3.2,0,4273,5.55,71,72,40,0,0,Remaja-dewasa awal (<=24),Kurang (<6 jam),Rendah,Sedang,Ya,Tidak,5.02
6,23,Female,8.16,5.7,0,7835,5.5,71,72,150,2,0,Remaja-dewasa awal (<=24),Cukup (6-9 jam),Sedang,Sedang,Ya,Ya,8.16
7,20,Female,7.27,5.1,1,10786,5.0,70,148,0,3,0,Remaja-dewasa awal (<=24),Cukup (6-9 jam),Sedang,Sedang,Tidak,Ya,7.27
8,48,Female,8.04,6.5,1,6194,5.5,60,59,150,0,46,Dewasa (35-49),Cukup (6-9 jam),Sedang,Sedang,Ya,Tidak,8.81
9,37,Male,6.04,5.4,0,6083,6.0,70,40,400,0,44,Dewasa (35-49),Cukup (6-9 jam),Sedang,Sedang,Ya,Tidak,6.77
10,41,Female,6.22,4.9,0,5207,5.7,80,88,0,0,0,Dewasa (35-49),Cukup (6-9 jam),Sedang,Sedang,Tidak,Tidak,6.22
11,18,Male,4.97,2.8,1,8524,8.8,67,53,0,0,0,Remaja-dewasa awal (<=24),Kurang (<6 jam),Rendah,Tinggi,Tidak,Tidak,4.97
12,58,Female,6.57,4.6,1,7835,6.9,59,45,0,3,0,Paruh baya (>=50),Cukup (6-9 jam),Sedang,Sedang,Tidak,Ya,6.57
13,46,Female,7.25,4.4,0,6976,7.5,76,54,0,0,27,Dewasa (35-49),Cukup (6-9 jam),Sedang,Tinggi,Tidak,Tidak,7.7
14,29,Male,5.81,3.7,1,8212,5.6,74,95,0,0,0,Dewasa muda (25-34),Kurang (<6 jam),Rendah,Sedang,Tidak,Tidak,5.81
15,24,Male,5.52,4.8,0,8426,5.6,77,20,0,0,0,Remaja-dewasa awal (<=24),Kurang (<6 jam),Sedang,Sedang,Tidak,Tidak,5.52
16,24,Female,6.95,4.9,1,13465,4.1,56,110,0,0,76,Remaja-dewasa awal (<=24),Cukup (6-9 jam),Sedang,Sedang,Tidak,Tidak,8.22
17,27,Female,7.37,5.9,0,4261,3.0,70,54,0,0,36,Dewasa muda (25-34),Cukup (6-9 jam),Sedang,Rendah,Tidak,Tidak,7.97
18,34,Male,7.61,6.7,0,10626,3.6,61,16,80,0,38,Dewasa muda (25-34),Cukup (6-9 jam),Sedang,Rendah,Ya,Tidak,8.24
19,31,Female,8.0,4.9,1,10616,5.4,75,83,0,0,0,Dewasa muda (25-34),Cukup (6-9 jam),Sedang,Sedang,Tidak,Tidak,8.0
20,27,Male,4.8,5.1,0,987,4.8,70,129,80,0,31,Dewasa muda (25-34),Kurang (<6 jam),Sedang,Sedang,Ya,Tidak,5.32
21,37,Female,7.56,5.5,1,7239,3.7,68,38,0,2,28,Dewasa (35-49),Cukup (6-9 jam),Sedang,Rendah,Tidak,Ya,8.03
22,22,Male,5.81,5.1,1,8144,5.0,58,180,0,0,0,Remaja-dewasa awal (<=24),Kurang (<6 jam),Sedang,Sedang,Tidak,Tidak,5.81
23,27,Female,7.78,7.4,1,5587,2.5,63,90,0,0,69,Dewasa muda (25-34),Cukup (6-9 jam),Tinggi,Rendah,Tidak,Tidak,8.93
24,29,Female,6.57,7.1,0,6940,5.2,70,92,0,1,9,Dewasa muda (25-34),Cukup (6-9 jam),Tinggi,Sedang,Tidak,Ya,6.72
25,32,Male,5.34,4.5,0,2361,6.9,74,126,0,0,0,Dewasa muda (25-34),Kurang (<6 jam),Sedang,Sedang,Tidak,Tidak,5.34
26,29,Male,5.76,5.3,1,9818,6.0,70,33,0,0,58,Dewasa muda (25-34),Kurang (<6 jam),Sedang,Sedang,Tidak,Tidak,6.73
27,24,Male,9.98,7.3,1,7234,2.2,72,19,0,3,0,Remaja-dewasa awal (<=24),Berlebih (>9 jam),Tinggi,Rendah,Tidak,Ya,9.98
28,34,Female,5.36,5.1,1,12520,7.9,57,38,0,0,0,Dewasa muda (25-34),Kurang (<6 jam),Sedang,Tinggi,Tidak,Tidak,5.36
29,36,Male,8.13,5.6,0,2987,5.6,70,147,0,4,0,Dewasa (35-49),Cukup (6-9 jam),Sedang,Sedang,Tidak,Ya,8.13
30,19,Female,3.77,2.6,0,8207,7.3,63,35,0,0,33,Remaja-dewasa awal (<=24),Kurang (<6 jam),Rendah,Tinggi,Tidak,Tidak,4.32
31,20,Female,4.7,2.3,1,7463,7.5,70,101,300,2,0,Remaja-dewasa awal (<=24),Kurang (<6 jam),Rendah,Tinggi,Ya,Ya,4.7
32,23,Female,6.37,6.7,1,10493,5.6,68,109,0,0,0,Remaja-dewasa awal (<=24),Cukup (6-9 jam),Sedang,Sedang,Tidak,Tidak,6.37
33,20,Female,7.99,6.3,1,12409,4.3,59,24,0,0,0,Remaja-dewasa awal (<=24),Cukup (6-9 jam),Sedang,Sedang,Tidak,Tidak,7.99
34,55,Female,8.52,6.1,1,8524,4.5,61,44,200,1,0,Paruh baya (>=50),Cukup (6-9 jam),Sedang,Sedang,Ya,Ya,8.52
35,57,Female,5.88,4.1,1,10650,5.55,63,27,0,0,0,Paruh baya (>=50),Kurang (<6 jam),Sedang,Sedang,Tidak,Tidak,5.88
36,45,Female,6.44,5.2,1,6350,5.1,78,58,80,0,0,Dewasa (35-49),Cukup (6-9 jam),Sedang,Sedang,Ya,Tidak,6.44
37,27,Male,6.76,5.9,0,3452,6.8,78,68,80,1,0,Dewasa muda (25-34),Cukup (6-9 jam),Sedang,Sedang,Ya,Ya,6.76
38,21,Female,6.38,5.1,0,4159,5.9,76,40,80,0,0,Remaja-dewasa awal (<=24),Cukup (6-9 jam),Sedang,Sedang,Ya,Tidak,6.38
39,40,Female,7.18,4.6,0,2704,4.7,66,34,0,2,0,Dewasa (35-49),Cukup (6-9 jam),Sedang,Sedang,Tidak,Ya,7.18
40,31,Female,7.69,6.8,0,7526,4.6,77,180,40,0,0,Dewasa muda (25-34),Cukup (6-9 jam),Sedang,Sedang,Ya,Tidak,7.69
41,22,Male,4.05,2.3,0,4477,5.8,64,133,0,2,17,Remaja-dewasa awal (<=24),Kurang (<6 jam),Rendah,Sedang,Tidak,Ya,4.33
42,29,Male,5.34,3.1,0,6742,8.1,86,42,150,0,17,Dewasa muda (25-34),Kurang (<6 jam),Rendah,Tinggi,Ya,Tidak,5.62
43,19,Female,5.52,5.1,0,7377,5.4,57,13,80,0,26,Remaja-dewasa awal (<=24),Kurang (<6 jam),Sedang,Sedang,Ya,Tidak,5.95
44,51,Female,7.2,2.3,0,8803,7.8,62,40,0,0,66,Paruh baya (>=50),Cukup (6-9 jam),Rendah,Tinggi,Tidak,Tidak,8.3
45,26,Male,6.68,7.2,1,9376,5.4,72,49,0,0,0,Dewasa muda (25-34),Cukup (6-9 jam),Tinggi,Sedang,Tidak,Tidak,6.68
46,39,Male,5.24,3.8,0,4200,7.3,70,124,400,0,58,Dewasa (35-49),Kurang (<6 jam),Rendah,Tinggi,Ya,Tidak,6.21
47,27,Male,7.57,4.3,1,10270,5.9,64,16,80,0,0,Dewasa muda (25-34),Cukup (6-9 jam),Sedang,Sedang,Ya,Tidak,7.57
48,34,Male,6.57,4.8,1,8303,5.3,73,91,0,0,0,Dewasa muda (25-34),Cukup (6-9 jam),Sedang,Sedang,Tidak,Tidak,6.57
49,35,Male,5.99,1.5,1,9200,6.7,68,73,80,0,0,Dewasa (35-49),Kurang (<6 jam),Rendah,Sedang,Ya,Tidak,5.99
50,29,Male,7.93,4.5,1,13960,6.7,79,25,100,0,0,Dewasa muda (25-34),Cukup (6-9 jam),Sedang,Sedang,Ya,Tidak,7.93
