No,Age,Gender,Sleep Duration (hrs),sleep_quality_score,Exercise Day,STEPS_THAT_DAY,stress score,heart_rate_resting_bpm ,screen_time_before_bed_mins,Caffeine_mg,alcohol units,nap_duration_mins
23,27,Female,7.78,7.4,1,5587,2.5,63,1.5 jam,0,0,69
28,34,Female,5.36,15,1,12520,7.9,57,38,0,0,0
35,57,Female,5.88,4.1,1,10650,99,63,27,0,0,0
16,24,Female,6.95,4.9,1,13465,4.1,56,110,0,-2,76
19,31,Female,delapan,4.9,1,10616,5.4,75,83,0,0,0
30,19,,3.77,2.6,0,8207,7.3,63,35,0,0,33
33,20,Female,7.99,6.3,TRUE,12409,4.3,59,24,0,0,0
31,dua puluh,Female,4.7,2.3,1,7463,7.5,70,101,300,2,0
11,18, Male,4.97,2.8,1,8524,8.8,67,53,0,0,0
2,55,Female,8.32,6.9,1,10111,4,52,33,0,0,8
42,29 thn,Male,5.34,3.1,0,6742,8.1,86,42,150,0,17
14,-5,Male,5.81,3.7,1,8212,5.6,74,95,0,0,0
41,22,Male,4.05,2.3,0,4477,5.8,64,133,0,2,17
18,34,Male,7.61,6.7,0,10626,3.6,61,16,80,0,38
28,34,Female,5.36,15,1,12520,7.9,57,38,0,0,0
37,27,Male,6.76,5.9,no,3452,6.8,78,68,80,1,0
43,19,Female,5.52,5.1,0,7377,5.4,57,13,80mg,0,26
21,37,Female,7.56,5.5,1,7239,3.7,68 bpm,38,0,2,28
38,21,Female,6.38,-1,0,4159,5.9,76,40,80,0,0
34,55,Female,8.52,6.1,1,"8,524",4.5,61,44,200,1,0
46,39,Male,5.24,3.8,0,4200,7.3,,124,400,0,58
10,41,Female,6.22,4.9,0,5207,5.7,80,88,0,0,
3,42,Male,-3,1,1,9222,7.8,72,89,0,2,28
36,45,Wanita,6.44,5.2,1,6350,5.1,78,58,80,0,0
17,27,Female,7.37,5.9,0,4261,3,70,N/A,0,0,36
22,22,male,5.81,5.1,1,8144,5,58,180,0,0,0
45,26,Male,6.68,7.2,Ya,9376,5.4,72,49,0,0,0
32,23,Female,6.37,6.7,1,10493,5.6,68,109,0,-,0
25,32,Pria,5.34,4.5,0,2361,6.9,74,126,0,0,0
6,23,Female,8.16,5.7,0,250000,5.5,71,72,150,2,0
13,46,FEMALE,7.25,4.4,0,6976,7.5,76,54,0,0,27
47,27,Male,7.57,4.3,Yes,10270,5.9,64,16,80,0,0
50,200,Male,7.93,4.5,1,13960,6.7,79,25,100,0,0
7,20,Female,7.27,5.1,1,10786,5,5,148,0,3,0
12,58,Female,6.57,4.6,1,,6.9,59,45,0,3,0
1,29,Female,"6,5",6.6,0,6592,4.4,63,32,0,0,0
8,48,Female,8.04,6.5,1,6194,5.5,60,59,150,0,46
41,22,Male,4.05,2.3,0,4477,5.8,64,133,0,2,17
39,40,Female ,7.18,4.6,0,2704,4.7,66,34,0,2,0
39,40,Female ,7.18,4.6,0,2704,4.7,66,34,0,2,0
44,51,Female,7.2 jam,2.3,0,8803,7.8,62,40,0,0,66
27,24,Male,9.98,7.3,1,7234,2.2,72,19,,3,0
36,45,Wanita,6.44,5.2,1,6350,5.1,78,58,80,0,0
9,37,Male,6.04,5.4,0,6083,6,300,40,400,0,44
49,35,Male,5.99,1.5,1,9.2k,6.7,68,73,80,0,0
15,24,Male,5.52,4.8,0,8426,5.6,77,20,0,0,9999
29,36,Male,8.13,5.6,0,2987,"5,6",70,147,0,4,0
40,31,F,7.69,6.8,0,7526,4.6,77,180,40,0,0
24,29,Female,,7.1,0,6940,5.2,70,92,0,1,9
20,27,Male,4.8,,0,987,4.8,70,129,80,0,31
4,37,M,6.79,6.4,1,9190,4.9,71,52,0,1,40
26,,Male,5.76,5.3,1,9818,6,70,33,0,0,58
5,23,Male,5.02,3.2,0,4273,,71,72,40,0,0
48,34,Male,25,4.8,1,8303,5.3,73,91,0,0,0
